{"w0": 2.044595956802368, "tau": 11.732354164123535, "amp": 0.28370457887649536, "wmin": 2.1770401000976562}