{"w0": 2.019665241241455, "tau": 11.038347244262695, "amp": 0.2942480742931366, "wmin": 2.1877670288085938}