,name,val,range_neg,range_pos
0,w0,2.044596,1.0609577,3.0285542
1,tau,11.732354,11.249766,12.219871
2,amp,0.28370458,0.27280417,0.29463524
3,wmin,2.17704,2.1038687,2.2503724
